@@,itemlabel,item,startdate,enddate
---,Tunku Abdul Rahman,Q296317,1957-08-31,1959-02-02
---,Ismail Abdul Rahman,Q4198159,1959-02-03,1960-08-31
+++,Tengku Ahmad Rithauddeen Tengku Ismail,Q4072989,1975-08-13,1981-07-16
+++,Tengku Ahmad Rithauddeen Tengku Ismail,Q4072989,1984-07-17,1986-08-10
---,Mohd Radzi Sheikh Ahmad,Q6894027,2006-02-14,2008-03-18
+++,Rais Yatim,Q2380853,2008-03-19,2009-04-08
->,Anifah Aman,Q4764583,2009-04-09->2009-04-10,2018-05-10->2018-05-09
+++,Saifuddin Abdullah,Q7400032,2018-07-02,2020-02-24
->,Hishammuddin Hussein,Q5772615,2020-03-10,2021-08-16->2021-07-07
+++,Hishammuddin Hussein,Q5772615,2021-07-07,2021-08-16
